{
    "epoch": 5.0,
    "eval_loss": 1.5843887329101562,
    "eval_runtime": 76.6058,
    "eval_samples_per_second": 540.494,
    "eval_steps_per_second": 4.229,
    "total_flos": 0.0,
    "train_loss": 1.569366199662397,
    "train_runtime": 6497.5164,
    "train_samples_per_second": 286.764,
    "train_steps_per_second": 0.28
}